text,label,notes
Ben Wallace does not deserve to be in the Hall of Fame.,hot_take,
Steph Curry is underrated because people only focus on his shooting and ignore his playmaking.,hot_take,
Derrick Rose did not deserve the MVP in 2011.,hot_take,
Kawhi Leonard is overrated and has never been the best player on a championship team.,hot_take,
LeBron gets too much credit for his style of play.,hot_take,
Giannis is almost overrated at this point given how much the media hypes him.,hot_take,
The Timberwolves have one of the coolest names and logos in the league.,reaction,
I dislike how many sports betting ads appear during NBA broadcasts now.,reaction,
NBA refs get too much criticism — they make the right call most of the time.,hot_take,
The NBA should raise the draft age to 20.,hot_take,
The Bulls will not get past the Pacers in the playoffs with their current point guard situation.,analysis,
The Timberwolves made a mistake by committing so much money to KAT long term.,hot_take,
MVP voting should be based entirely on quantitative metrics like PER and win shares.,hot_take,
Teams that miss the playoffs should be penalized in lottery odds the following year.,hot_take,
Players who lose the All-Star game should face consequences to make it more competitive.,hot_take,
Draft picks are overrated as trade assets — teams give up too much for unproven players.,hot_take,
The Phoenix Suns rebuild is being massively overblown by the media.,hot_take,
Michael Porter Jr is a better player than both Sabonis and LaMelo Ball right now.,hot_take,
NBA's draft age should be raised,hot_take,
Bulls won't win a series with this core,hot_take,
The Knicks will draft a future superstar player.,hot_take,
Wizards 7-10 seed team.,hot_take,
The Spurs won't make the Western Conference Finals next season.,hot_take,
Reaves makes an all nba team.,hot_take,
Hornets make the second round.,hot_take,
Every team will have a winning record next year.,hot_take,
"wemby becomes a locker room problem, villain ark completed.",hot_take,
Fox will start and play more minutes than Harper.,hot_take,
Brunson did not play a good all around series if we're being honest.,reaction,
KAT spent the whole finals wrapping Wemby up.,reaction,
Giannis became underrated.,hot_take,
This draft will be generational for the wrong reasons for the Wizards.,analysis,
The Bulls got the steal of the draft.,analysis,
Luka will miss the playoffs again.,hot_take,
The NBA will grow tired of the parity and will change the rules.,hot_take,
Luka Doncic will never make another NBA finals.,hot_take,
I'd still take LeBron over anyone in the league in a game 7.,hot_take,
Sixers suck... not even a hot take but Jesus...,reaction,
Mutombo is the 2nd best rim protector of all time.,analysis,
The regular season should be ~60 games.,analysis,
De'Aron fox doesn't deserve the hate he's getting.,hot_take,
This is easily the biggest collection of Luke warm takes I've ever seen.,hot_take,
"KAT played amazing in the series, but foul trouble really hurt him.",reaction,
There wont be many dynasties like that anymore.,hot_take,
"One issue with hot take reddit threads is that the true hot takes get downvoted to the bottom, and you see popular takes at the top of those threads.",reaction,
There’s no lottery. The top four picks are assigned.,reaction,
Hot takes are garbage. Click bait even..,reaction,
Jokic is still the best in the world,hot_take,
The Wizards win a playoff series next season,hot_take,
I reckon it depends on how good aj dybantsa is with trae and AD,reaction,
The worst team from the entire playoff is actually the Rockets,hot_take,
Healthy OKC is still MUCH better than San Antonio and they will stay that way for another 5 seasons,hot_take,
NYC fans are somehow more insufferable than OKC fans.,hot_take,
OKC hate was never about the fans.,hot_take,
Jokic is not the best player in the world.,hot_take,
Who's better than someone who averages 28ppg 10.7ast 12rebs,hot_take,
Ice cold take,reaction,
Boston acquires Giannis and makes a run for the championship,hot_take,
"The San Antonio Spurs will have to ""blow it up"" before the Thunder",hot_take,
The Spurs shouldn't do everything in their power to trade Fox away.,hot_take,
"Fox may be a ""vet"" for the spurs, but he's younger than Brunson, Kat, OG, Josh Hart and Mikal Bridges",analysis,
"I will never understand why people say the regular season is ""boring""",hot_take,
"Unpopular opinion perhaps, but it is not that GSW are getting worse, it seems every contender team has developed a plan to beat GSW.",analysis,
Why is the Bucks’ Front Office being held to such a high standard?,reaction,
Unpopular opinion: The Bucks peaked as a team this year,hot_take,
"The Hall of Fame is Good, Actually",hot_take,
"The NBA is cringeworthy: flopping, complaining, theatrics, choreography, subjective fouls, etc",hot_take,
THT playing well was so fun to watch but he was inconsistent reaction,reaction,
Unpopular Opinion. Young Jordan would dominate todays NBA League.,hot_take,
"Unpopular opinion: It's not the players, it's the philosophy that beat us this year",analysis,
Draft picks are overrated.,hot_take,
The NBA should stop checking for PEDs.,hot_take,
The Suns meltdown was overblown and they're going to come back stronger this year.,hot_take,
"There are a lot of Andrew Wiggins out there, good players who are being misused by bad organizations.",analysis,
"I'll take Michael Porter Jr. over a lot of players like Sabonis, Garland, or LaMelo.",hot_take,
The All-Star game format should go back to Fan Voting.,hot_take,
Every single Charlotte Hornet fan alive will die before the team wins a championship.,hot_take,
Saying anything positive about Westbrook seems pretty unpopular.,reaction,
Short-shorts should absolutely be a league-wide thing again.,hot_take,
"I’d love to be able to watch live sports with no play by play or colour commentary, just the sound.",reaction,
The “player’s league” made the NBA worse.,hot_take,
All Star Saturday Night is terrible now - totally boring.,hot_take,
The NBA and all these teams need to chill on the excessive amounts of alternate jerseys they feature.,hot_take,
His passing was a pleasant surprise and I wouldn't be surprised if the Spurs used him as a secondary offensive initiator.,analysis,
"Defensively, as advertised. Completely wrecked Charlotte's offense. Not just with blocks, but altering shots, passes, drives with his length.",analysis,
His rim protection he showed was elite as expected. His offensive game is much much more polished than tonight.,analysis,
The way he moves is so fluid and it's something we have never seen before.,reaction,
Pop will put him in a position to succeed.,hot_take,
"Oliver's analysis established four general areas crucial to winning basketball games: Shooting, Turnovers, Rebounding and Free Throws.",analysis,
Replacing Gordon with Westbrook has taken an already good offensive lineup from Mile High to atmospheric heights.,analysis,
"Westbrook's underrated cutting generates easy attempts for the team, even if he occasionally glitches on the shot.",analysis,
Russ has allowed a better-than-median point-for-possession on every playtype they track.,analysis,
